{
    "player": 
    {
        "x":1200,
        "y": 2742.8571428571427
    },
    "safeZone":
    {
        "position": {"x": 1200, "y":2742.8571428571427},
        "pillars": [
            {
                "x":1311,
                "y":2853.8571428571427
            },
            {
                "x":1088,
                "y":2848.8571428571427
            },
            {
                "x": 1312,
                "y": 2641.8571428571427
            },
            {
                "x": 1093,
                "y": 2638.8571428571427
            }
        ]
    }
}